env,model,n_seeds,mean_max_height,height_std,success_rate
Acrobot,Hamiltonian_NN,3,0.5026308571298918,0.006702987926565941,0.0
Acrobot,Lagrangian_GP,3,0.6204872777064642,0.008633292421928878,0.25
Acrobot,Lagrangian_NN,3,0.6893738657236099,0.09067832153251641,0.3333333333333333
Acrobot,Oracle,1,0.9650088399648666,0.0,1.0
Pendubot,Hamiltonian_NN,3,0.6653547237316767,0.04060509371774163,0.08333333333333333
Pendubot,Lagrangian_GP,3,0.6107799534996351,0.20029665408369665,0.16666666666666666
Pendubot,Lagrangian_NN,3,0.8412493666013082,0.09941449202440003,0.5
Pendubot,Oracle,1,0.956147626042366,0.0,1.0
